Variable,Level,RMSE,MAE,BIAS,ACC,RelDiff (%),Pred_Min,Pred_Max,Ref_Min,Ref_Max
t,2.0,6.394258975982666,4.453032970428467,-2.2291436195373535,0.913742184638977,2.224480152130127,220.0386199951172,317.1733703613281,211.873291015625,316.15435791015625
t,10.0,6.34203577041626,4.414661407470703,-2.2028162479400635,0.914799153804779,2.206725835800171,220.24411010742188,317.0945739746094,212.5042724609375,316.1026611328125
t,20.0,6.276980400085449,4.366830825805664,-2.169868230819702,0.9161105155944824,2.1846017837524414,220.50111389160156,316.99615478515625,213.29302978515625,316.0379638671875
t,50.0,6.083326816558838,4.224067687988281,-2.0709190368652344,0.9199792146682739,2.118695020675659,221.27223205566406,316.7010498046875,215.6593017578125,315.84393310546875
t,75.0,5.923634052276611,4.105875492095947,-1.9885637760162354,0.9231297373771667,2.06428861618042,221.9145965576172,316.4549560546875,217.6312255859375,315.6821594238281
t,100.0,5.765597343444824,3.9884114265441895,-1.9063713550567627,0.9262087345123291,2.010394334793091,222.55726623535156,316.20916748046875,219.60308837890625,315.52044677734375
t,150.0,5.4552178382873535,3.7563509941101074,-1.7426284551620483,0.9321399331092834,1.9043992757797241,223.84246826171875,315.71734619140625,223.546875,315.197021484375
t,200.0,5.154022693634033,3.5299298763275146,-1.580167531967163,0.9377366900444031,1.8013579845428467,225.12806701660156,315.2254943847656,227.49066162109375,314.87359619140625
t,300.0,4.5821452140808105,3.0978519916534424,-1.2641286849975586,0.9479023218154907,1.6051892042160034,227.69969177246094,314.2421569824219,232.2186279296875,314.2249755859375
t,400.0,4.041736125946045,2.6925623416900635,-0.993066132068634,0.9573302268981934,1.4189361333847046,230.2708282470703,313.2591857910156,232.87803649902344,313.5711669921875
t,500.0,3.5236141681671143,2.316861152648926,-0.7507690191268921,0.9659669399261475,1.239591121673584,232.83828735351562,312.27618408203125,236.26983642578125,312.9173278808594
t,750.0,2.4160068035125732,1.5727444887161255,-0.28081849217414856,0.9823304414749146,0.8539345860481262,237.60342407226562,309.81561279296875,236.98715209960938,310.2851257324219
t,1000.0,1.585353970527649,1.037377119064331,-0.025600245222449303,0.9919712543487549,0.56255704164505,241.28506469726562,307.3582458496094,238.67495727539062,307.6158142089844
t,1250.0,1.1876420974731445,0.7592544555664062,0.03744096681475639,0.9953974485397339,0.4228135645389557,242.7257080078125,304.8590087890625,240.86965942382812,305.11419677734375
t,1500.0,1.1499428749084473,0.7442601919174194,0.08284776657819748,0.9956708550453186,0.4106944501399994,242.5577392578125,302.2751770019531,240.46624755859375,302.6125183105469
t,2000.0,0.9824978709220886,0.6243008375167847,0.08114958554506302,0.9968409538269043,0.3532397449016571,241.17630004882812,297.1676330566406,239.05581665039062,297.7886047363281
t,2500.0,0.8556646704673767,0.5409995913505554,0.11751103401184082,0.9976158142089844,0.3101446330547333,239.17599487304688,292.2833251953125,237.1227569580078,294.5400695800781
t,3000.0,0.7955396175384521,0.5032122731208801,0.12921448051929474,0.9979429841041565,0.29100415110588074,237.01736450195312,288.10009765625,235.11380004882812,291.28692626953125
t,3500.0,0.7601621747016907,0.4922308921813965,0.14165228605270386,0.9981398582458496,0.2808350622653961,234.93556213378906,285.3451232910156,232.9976043701172,288.00616455078125
t,4000.0,0.7536765933036804,0.48812782764434814,0.14778079092502594,0.9982107281684875,0.2813776135444641,232.8935546875,281.7442932128906,231.23422241210938,283.99853515625
t,4500.0,0.7635023593902588,0.49471351504325867,0.1565977782011032,0.9981993436813354,0.2881793677806854,230.96435546875,278.83782958984375,229.6407470703125,279.55810546875
t,5000.0,0.7764055132865906,0.49911659955978394,0.12877212464809418,0.9981597065925598,0.29636386036872864,229.29335021972656,276.1145935058594,228.10226440429688,276.13140869140625
t,6000.0,0.7723639607429504,0.49538445472717285,0.12305998802185059,0.9982649683952332,0.3019687831401825,221.2467803955078,269.7149658203125,221.01206970214844,270.2128601074219
t,7000.0,0.7405799031257629,0.47496986389160156,0.11031439900398254,0.9984471797943115,0.29706713557243347,214.6479949951172,264.3028564453125,214.11041259765625,265.10302734375
t,8000.0,0.7577319145202637,0.478017121553421,0.04590374231338501,0.99832683801651,0.3122267425060272,208.65414428710938,258.60113525390625,208.22769165039062,258.53253173828125
t,9000.0,0.7843518853187561,0.4933825135231018,0.059664130210876465,0.9978359341621399,0.33197617530822754,207.1017303466797,251.886962890625,207.31463623046875,251.64517211914062
t,10000.0,0.8959183096885681,0.5538771152496338,0.14181599020957947,0.9960554242134094,0.3890089690685272,202.67758178710938,244.31265258789062,202.61123657226562,244.05189514160156
t,11500.0,0.8478646278381348,0.5591922998428345,-0.008405194617807865,0.9922181367874146,0.3804911673069,198.76889038085938,234.8404083251953,197.98806762695312,236.9322509765625
t,13000.0,0.8804311156272888,0.6160250902175903,-0.09253014624118805,0.9884607791900635,0.4061603844165802,198.63629150390625,235.47698974609375,198.3748321533203,236.74362182617188
t,15000.0,1.3993934392929077,1.0359195470809937,0.22125698626041412,0.9892562627792358,0.6669073700904846,197.93841552734375,238.62814331054688,195.05657958984375,236.81613159179688
t,17500.0,7.302191257476807,6.66126823425293,6.55288553237915,0.9730477929115295,3.5500071048736572,199.3346710205078,240.3878173828125,190.45449829101562,237.302734375
t,20000.0,7.238238334655762,6.109766960144043,6.006187438964844,0.9094488024711609,3.4532554149627686,197.91334533691406,242.52113342285156,185.343994140625,237.712646484375
u,2.0,6.28090763092041,4.9595417976379395,0.4744279980659485,0.7103183269500732,1871.159423828125,-45.55123519897461,39.047447204589844,-27.574100494384766,25.640228271484375
u,10.0,6.250953197479248,4.938173294067383,0.48003891110420227,0.7128164768218994,1919.3172607421875,-45.49848556518555,38.929054260253906,-27.705591201782227,25.767671585083008
u,20.0,6.214013576507568,4.9117431640625,0.4869177043437958,0.7158752083778381,1984.3946533203125,-45.43234634399414,38.7811164855957,-27.869953155517578,25.926979064941406
u,50.0,6.107180118560791,4.834741115570068,0.5068765878677368,0.7245886325836182,2217.32568359375,-45.232643127441406,38.33761215209961,-28.90805435180664,26.461889266967773
u,75.0,6.022510528564453,4.772933006286621,0.5225899815559387,0.7313451170921326,2468.048828125,-45.063743591308594,37.968379974365234,-29.925750732421875,26.968839645385742
u,100.0,5.941768646240234,4.713343620300293,0.5402927398681641,0.7377787232398987,2791.605224609375,-44.891727447509766,37.59941864013672,-30.94344711303711,27.475788116455078
u,150.0,5.7888007164001465,4.597799301147461,0.5822858810424805,0.7496728897094727,3811.24560546875,-44.533668518066406,36.8623046875,-32.97883605957031,28.673107147216797
u,200.0,5.660800457000732,4.501606464385986,0.6237695217132568,0.7596624493598938,5959.876953125,-44.153175354003906,36.12601089477539,-35.01422882080078,30.109882354736328
u,300.0,5.446220397949219,4.34783411026001,0.7195790410041809,0.7765935063362122,341370.96875,-43.39894104003906,34.655372619628906,-37.44448471069336,31.145248413085938
u,400.0,5.237594127655029,4.207051753997803,0.8262897729873657,0.7934882640838623,6932.857421875,-42.65216827392578,33.18584442138672,-38.89836883544922,31.915569305419922
u,500.0,5.0450825691223145,4.081165790557861,0.9355416297912598,0.8095093965530396,3588.957275390625,-41.89317321777344,31.71622657775879,-40.228614807128906,32.624481201171875
u,750.0,4.696001052856445,3.845078468322754,1.2273492813110352,0.8404976725578308,1682.119140625,-39.98168182373047,29.474407196044922,-42.47804260253906,34.38935852050781
u,1000.0,4.539916038513184,3.70365047454834,1.482724666595459,0.8577845692634583,1014.5511474609375,-38.13841247558594,29.666540145874023,-43.113834381103516,36.55485153198242
u,1250.0,4.513969421386719,3.65592360496521,1.5843147039413452,0.8632692098617554,585.4467163085938,-37.05112075805664,29.512067794799805,-41.98914337158203,37.1887321472168
u,1500.0,4.520808219909668,3.6107544898986816,1.52773916721344,0.8671219348907471,399.82794189453125,-35.565528869628906,31.436504364013672,-43.006919860839844,36.351959228515625
u,2000.0,4.5686492919921875,3.6116013526916504,1.4796818494796753,0.8740702867507935,230.0689239501953,-35.316490173339844,34.15421676635742,-35.81597900390625,33.79983139038086
u,2500.0,4.724518299102783,3.691345691680908,1.5387684106826782,0.878073513507843,169.24476623535156,-35.453067779541016,36.51103973388672,-35.76495361328125,35.8885498046875
u,3000.0,4.989279747009277,3.8964900970458984,1.5717899799346924,0.875908613204956,141.1261749267578,-36.66420364379883,37.73565673828125,-35.265933990478516,38.89809036254883
u,3500.0,5.279304504394531,4.112144947052002,1.7344106435775757,0.876617431640625,125.01644897460938,-37.55677032470703,38.95458984375,-36.770225524902344,43.443946838378906
u,4000.0,5.569103240966797,4.301675796508789,1.8183232545852661,0.8775729537010193,114.03060150146484,-37.329978942871094,46.876487731933594,-36.09300231933594,48.750186920166016
u,4500.0,5.926643371582031,4.543962478637695,1.903763771057129,0.8762142062187195,106.91841888427734,-37.65503692626953,55.36684036254883,-36.0881233215332,53.95524978637695
u,5000.0,6.299806118011475,4.80707311630249,2.008615016937256,0.8761298060417175,101.2488021850586,-38.768978118896484,59.408424377441406,-36.28617858886719,58.711341857910156
u,6000.0,7.189690589904785,5.48976993560791,2.2107458114624023,0.8744361400604248,92.4643783569336,-39.14575958251953,63.39866638183594,-42.20602035522461,68.02395629882812
u,7000.0,8.352673530578613,6.429252624511719,2.667404890060425,0.8697822093963623,87.79581451416016,-42.58560562133789,73.6992416381836,-46.57502365112305,73.85015869140625
u,8000.0,9.444969177246094,7.381051540374756,2.9985463619232178,0.8639957904815674,83.82455444335938,-46.71711730957031,74.78992462158203,-50.24884796142578,80.26289367675781
u,9000.0,9.970287322998047,7.877920150756836,3.051969051361084,0.8659442663192749,75.93976593017578,-54.62260437011719,75.0,-50.62257385253906,87.70721435546875
u,10000.0,10.0874605178833,7.950769901275635,2.790093183517456,0.869112491607666,68.11006164550781,-49.9161491394043,75.0,-49.66781234741211,94.87244415283203
u,11500.0,10.92506217956543,8.771790504455566,3.2355494499206543,0.8571725487709045,66.0155029296875,-35.058799743652344,75.0,-26.132450103759766,88.81796264648438
u,13000.0,12.990808486938477,10.576340675354004,4.356451511383057,0.8031187057495117,76.99229431152344,-25.819326400756836,75.0,-26.68503189086914,86.56370544433594
u,15000.0,12.431694030761719,9.864574432373047,4.38833475112915,0.7366084456443787,86.28911590576172,-24.36716079711914,75.0,-24.683757781982422,68.85115051269531
u,17500.0,15.097031593322754,11.658854484558105,7.574649333953857,0.567240297794342,174.94448852539062,-25.98981475830078,73.35087585449219,-17.666213989257812,45.38737106323242
u,20000.0,15.173235893249512,12.143318176269531,7.513513565063477,0.544395387172699,251.71945190429688,-27.012065887451172,59.25166320800781,-16.677518844604492,51.67938232421875
v,2.0,6.804999828338623,5.307656764984131,-1.6996268033981323,0.6885063052177429,1393.420654296875,-40.40113830566406,42.7919807434082,-24.486543655395508,26.831249237060547
v,10.0,6.770596027374268,5.282522678375244,-1.6964186429977417,0.690787672996521,1385.8270263671875,-40.26532745361328,42.79963684082031,-24.6944580078125,27.020328521728516
v,20.0,6.7276740074157715,5.251078128814697,-1.6925143003463745,0.6935901641845703,1376.397216796875,-40.09516906738281,42.80894470214844,-24.954349517822266,27.25667381286621
v,50.0,6.600133895874023,5.157280921936035,-1.6813937425613403,0.7016289830207825,1348.371826171875,-39.58184814453125,42.83528518676758,-25.734027862548828,27.965715408325195
v,75.0,6.496561050415039,5.081116676330566,-1.6743453741073608,0.70777827501297,1325.72265625,-39.150691986083984,42.852508544921875,-26.383760452270508,28.599395751953125
v,100.0,6.393819808959961,5.005957126617432,-1.672041893005371,0.7138184309005737,1303.96142578125,-38.71624755859375,42.865081787109375,-27.033491134643555,29.244169235229492
v,150.0,6.1826372146606445,4.852067470550537,-1.6723729372024536,0.7262653708457947,1264.8079833984375,-37.8369026184082,42.87306213378906,-27.48391342163086,30.533714294433594
v,200.0,5.986168384552002,4.7076263427734375,-1.6770373582839966,0.7374627590179443,1238.007080078125,-36.943180084228516,42.85702896118164,-27.856449127197266,31.82326316833496
v,300.0,5.628385066986084,4.44279670715332,-1.7042334079742432,0.7579663991928101,1210.4925537109375,-35.11376953125,42.78008270263672,-28.601526260375977,34.032798767089844
v,400.0,5.283876895904541,4.186303615570068,-1.7197026014328003,0.7795665264129639,1176.1492919921875,-33.4832878112793,42.67587661743164,-28.796388626098633,35.254859924316406
v,500.0,4.9588751792907715,3.944931745529175,-1.72458016872406,0.8001804351806641,1135.1866455078125,-32.59815979003906,42.55191421508789,-28.90876007080078,36.77949142456055
v,750.0,4.2296013832092285,3.4182727336883545,-1.7311577796936035,0.8447040319442749,1053.2537841796875,-30.88625144958496,42.149696350097656,-29.96448516845703,40.77189254760742
v,1000.0,3.7486777305603027,3.088888645172119,-1.7319974899291992,0.8720760941505432,1044.0645751953125,-29.898683547973633,41.972816467285156,-31.072154998779297,43.70829772949219
v,1250.0,3.4467201232910156,2.8516063690185547,-1.6618335247039795,0.8871495127677917,1153.723388671875,-29.01105499267578,43.785057067871094,-30.086383819580078,47.70105743408203
v,1500.0,3.258622884750366,2.665065050125122,-1.5188838243484497,0.8927167057991028,1361.6239013671875,-26.889625549316406,44.042057037353516,-29.55338478088379,46.53370666503906
v,2000.0,3.091538667678833,2.511857748031616,-1.3329346179962158,0.8970256447792053,2087.112060546875,-25.682252883911133,39.79167938232422,-30.362028121948242,41.770843505859375
v,2500.0,3.0930967330932617,2.5185389518737793,-1.2927742004394531,0.9018539190292358,2607.987548828125,-26.189010620117188,37.382591247558594,-30.3546085357666,39.84138107299805
v,3000.0,3.154639959335327,2.580185651779175,-1.2529280185699463,0.9048836827278137,2958.739990234375,-26.263534545898438,37.55479431152344,-29.107229232788086,39.15541076660156
v,3500.0,3.236405611038208,2.651918649673462,-1.254918098449707,0.9083146452903748,3082.4912109375,-26.783180236816406,38.976051330566406,-29.7164363861084,37.76713562011719
v,4000.0,3.4022371768951416,2.791832685470581,-1.3447747230529785,0.9101917743682861,3112.32177734375,-29.38649559020996,39.714237213134766,-29.778533935546875,40.90099334716797
v,4500.0,3.5946993827819824,2.955259323120117,-1.4344265460968018,0.9115134477615356,3473.1884765625,-32.406009674072266,38.86667251586914,-33.83037185668945,42.063316345214844
v,5000.0,3.861650228500366,3.1761281490325928,-1.4271109104156494,0.9086246490478516,4496.57763671875,-35.13313674926758,40.65378189086914,-38.0096435546875,42.424442291259766
v,6000.0,4.460759162902832,3.6090688705444336,-1.4717960357666016,0.9050201773643494,4730.65087890625,-40.8609504699707,44.94455337524414,-42.22602844238281,48.908935546875
v,7000.0,5.357982635498047,4.294785022735596,-1.4039170742034912,0.8904589414596558,25147.439453125,-46.20233154296875,53.343814849853516,-44.97574234008789,58.57512664794922
v,8000.0,5.994833469390869,4.785741806030273,-1.6270904541015625,0.8925841450691223,31318.69140625,-54.43798828125,63.334529876708984,-50.266536712646484,67.44267272949219
v,9000.0,5.847151756286621,4.786584854125977,-2.3803765773773193,0.9210207462310791,5551.22021484375,-58.78763961791992,65.13511657714844,-59.50568389892578,63.454124450683594
v,10000.0,5.3621439933776855,4.484212875366211,-2.9874043464660645,0.9480498433113098,1559.9237060546875,-59.087677001953125,54.8804817199707,-56.05247497558594,60.78742218017578
v,11500.0,5.5078535079956055,4.576038837432861,-2.5489919185638428,0.9454447627067566,716.7958984375,-53.45897674560547,50.90221405029297,-54.205841064453125,48.343780517578125
v,13000.0,5.208630561828613,4.254648685455322,-1.2665106058120728,0.9375764727592468,628.0992431640625,-48.776023864746094,58.64577865600586,-37.90436553955078,50.67583465576172
v,15000.0,4.716183185577393,3.794755458831787,-0.6807992458343506,0.9056344628334045,1072.1300048828125,-30.594430923461914,49.39823532104492,-25.83310317993164,39.2658805847168
v,17500.0,6.69262170791626,5.114767551422119,0.3154219090938568,0.7663096785545349,4312.630859375,-28.472057342529297,38.52498245239258,-23.465469360351562,28.411272048950195
v,20000.0,7.978671550750732,6.092703819274902,0.4707368314266205,0.5661945343017578,7795.7763671875,-32.17795944213867,37.217159271240234,-26.85340690612793,34.270233154296875
w,2.0,0.2888188064098358,0.18643119931221008,0.0008262074552476406,0.13841117918491364,3000.939453125,-2.6012747287750244,2.7263381481170654,-2.7972769737243652,4.0286664962768555
w,10.0,0.2878189980983734,0.1857215017080307,0.0007634194917045534,0.13964296877384186,2990.519775390625,-2.59018611907959,2.7126336097717285,-2.7972772121429443,4.027737617492676
w,20.0,0.28661641478538513,0.1848721206188202,0.0006877746782265604,0.14110469818115234,2978.855224609375,-2.576324939727783,2.6955013275146484,-2.7972772121429443,4.026576519012451
w,50.0,0.2833344340324402,0.18258006870746613,0.00047277321573346853,0.1449282467365265,2951.15576171875,-2.534742593765259,2.6440987586975098,-2.7972774505615234,4.023092746734619
w,75.0,0.28100138902664185,0.18095383048057556,0.00029688479844480753,0.14732614159584045,2936.228271484375,-2.5293853282928467,2.601243495941162,-2.7972772121429443,4.020190238952637
w,100.0,0.2790406346321106,0.17958010733127594,0.00012635225721169263,0.14908505976200104,2929.03955078125,-2.574934482574463,2.5583736896514893,-2.7972772121429443,4.017286777496338
w,150.0,0.2762877345085144,0.17763657867908478,-0.00020162781584076583,0.15097926557064056,2941.4443359375,-2.666104793548584,2.4725799560546875,-2.7972772121429443,4.011480808258057
w,200.0,0.2751525044441223,0.17676539719104767,-0.0005073742941021919,0.15120765566825867,2983.892822265625,-2.7573654651641846,2.386676788330078,-2.7972774505615234,4.005674362182617
w,300.0,0.27743276953697205,0.17777356505393982,-0.001059238682501018,0.14880500733852386,3136.5576171875,-2.940122127532959,2.2143023014068604,-2.9131247997283936,3.9940621852874756
w,400.0,0.2833481431007385,0.18043771386146545,-0.0015889869537204504,0.1472214162349701,3352.916748046875,-3.123138427734375,2.0409932136535645,-3.8960795402526855,4.170875549316406
w,500.0,0.2922074794769287,0.18416531383991241,-0.002092686714604497,0.14698223769664764,3635.729248046875,-3.3063242435455322,1.866843819618225,-4.879034519195557,4.353357791900635
w,750.0,0.31875771284103394,0.19415825605392456,-0.003492538118734956,0.15051136910915375,4545.22216796875,-3.7646312713623047,1.6139410734176636,-7.205263137817383,4.419496536254883
w,1000.0,0.34324774146080017,0.2008398324251175,-0.005001048557460308,0.15635770559310913,5666.60986328125,-4.223209381103516,1.507507562637329,-9.175439834594727,5.87623405456543
w,1250.0,0.3606835603713989,0.20233255624771118,-0.006453370209783316,0.1613616645336151,6774.93212890625,-4.681658744812012,1.4331035614013672,-10.424727439880371,6.4032697677612305
w,1500.0,0.38384461402893066,0.20965524017810822,-0.007741925772279501,0.16226762533187866,7974.375,-4.917744159698486,1.358361840248108,-11.420417785644531,7.274339199066162
w,2000.0,0.3982502818107605,0.20915329456329346,-0.008617762476205826,0.17606738209724426,10473.7041015625,-4.919487476348877,1.462306261062622,-12.188782691955566,7.354098796844482
w,2500.0,0.39460936188697815,0.2022218257188797,-0.0065363021567463875,0.1969633847475052,18000.578125,-4.920320510864258,1.620466947555542,-13.017797470092773,6.333967685699463
w,3000.0,0.38264963030815125,0.1930030882358551,-0.005602236837148666,0.21491137146949768,34809.26171875,-4.920185089111328,1.6840648651123047,-12.823371887207031,4.761954307556152
w,3500.0,0.36643534898757935,0.18314702808856964,-0.005156569182872772,0.23524503409862518,42237.49609375,-4.919614791870117,1.609362244606018,-12.663274765014648,4.381329536437988
w,4000.0,0.3537086248397827,0.17593830823898315,-0.0036017782986164093,0.2485349178314209,45997.83203125,-4.918546676635742,1.3393415212631226,-11.825532913208008,4.8065032958984375
w,4500.0,0.34630364179611206,0.17200565338134766,-0.0030784409027546644,0.2574502229690552,72757.359375,-4.917562484741211,1.2517858743667603,-12.783977508544922,4.24664831161499
w,5000.0,0.33697226643562317,0.16722284257411957,-0.004042031243443489,0.267305850982666,50046.48828125,-4.597646236419678,1.4299702644348145,-13.70952320098877,3.5634851455688477
w,6000.0,0.3075163662433624,0.15681754052639008,-0.00532317440956831,0.28859853744506836,19271.919921875,-3.776102066040039,0.9307903051376343,-13.888702392578125,3.6659839153289795
w,7000.0,0.28101202845573425,0.14626334607601166,-0.0041522313840687275,0.30500689148902893,13994.9765625,-3.9382433891296387,0.7464034557342529,-12.201254844665527,2.9871981143951416
w,8000.0,0.25145986676216125,0.13540397584438324,-0.003125348361209035,0.3189197778701782,13232.23828125,-4.509799957275391,0.8478845953941345,-9.430450439453125,2.6256935596466064
w,9000.0,0.21969671547412872,0.12322042882442474,-0.0014711738331243396,0.3261023461818695,9015.681640625,-4.583712577819824,0.6153751015663147,-7.385132312774658,2.1695666313171387
w,10000.0,0.19342707097530365,0.11266077309846878,-0.000786071177572012,0.3183596730232239,6795.7099609375,-3.658822536468506,0.6073892116546631,-4.944728851318359,2.328354597091675
w,11500.0,0.15227533876895905,0.09045326709747314,-0.0014406051486730576,0.26612648367881775,5545.18505859375,-1.4573893547058105,0.8379243016242981,-3.4376652240753174,2.0122623443603516
w,13000.0,0.11362206935882568,0.06904725730419159,-0.0010073896264657378,0.20077772438526154,4163.7939453125,-0.8201358318328857,0.5466316938400269,-2.1503372192382812,1.4534177780151367
w,15000.0,0.06582639366388321,0.04196329787373543,-0.0007601287798024714,0.1283528357744217,3005.333740234375,-0.4424673914909363,0.3821093440055847,-0.7751933336257935,1.0079442262649536
w,17500.0,0.028413912281394005,0.019557969644665718,-0.001891296822577715,0.029200317338109016,1502.34912109375,-9.483098750706631e-08,7.497335019479578e-08,-0.41072145104408264,0.49010205268859863
w,20000.0,0.018075650557875633,0.01186332292854786,-0.0014135699020698667,-0.003710757475346327,1278.719970703125,-9.032774528350274e-08,7.652998590401694e-08,-0.28998899459838867,0.29392677545547485
q,2.0,0.0064553674310445786,0.0038996480870991945,0.0027600459288805723,0.7914285659790039,71.04823303222656,2.65021481027361e-06,0.03500000014901161,1.0000000116860974e-07,0.03028193674981594
q,10.0,0.006434224080294371,0.0038862177170813084,0.0027504777535796165,0.7923803329467773,70.88932037353516,2.6605923721945146e-06,0.03500000014901161,1.0000000116860974e-07,0.03022386133670807
q,20.0,0.006407364271581173,0.003869258798658848,0.002738318871706724,0.7935829162597656,70.68539428710938,2.6735613118944457e-06,0.03500000014901161,1.0000000116860974e-07,0.030151259154081345
q,50.0,0.006326645612716675,0.0038184928707778454,0.002701639197766781,0.7971775531768799,70.06813049316406,2.7124735879624495e-06,0.03500000014901161,1.0000000116860974e-07,0.029933465644717216
q,75.0,0.00625929469242692,0.003776394762098789,0.002670953283086419,0.8001741170883179,69.54739379882812,2.7449036679172423e-06,0.03500000014901161,1.0000000116860974e-07,0.0297519713640213
q,100.0,0.006191299296915531,0.003734010038897395,0.0026391150895506144,0.803118109703064,69.01399993896484,2.7773335204983596e-06,0.03500000014901161,1.0000000116860974e-07,0.029570477083325386
q,150.0,0.006048049312084913,0.0036465723533183336,0.002570647280663252,0.8091462254524231,67.84909057617188,2.84220141111291e-06,0.03500000014901161,1.0000000116860974e-07,0.029207484796643257
q,200.0,0.005901438184082508,0.003558098804205656,0.0024986076168715954,0.8151047825813293,66.62326049804688,1.764617809385527e-05,0.03500000014901161,1.0000000116860974e-07,0.028844498097896576
q,300.0,0.005588894244283438,0.0033753153402358294,0.0023425468243658543,0.8273642659187317,63.89201736450195,3.124154682154767e-05,0.03500000014901161,6.980285979807377e-05,0.028118517249822617
q,400.0,0.005253528710454702,0.003186523914337158,0.0021960646845400333,0.8416288495063782,61.00773239135742,5.6207874877145514e-05,0.03500000014901161,7.77664317865856e-05,0.02739660255610943
q,500.0,0.0048831431195139885,0.002988578984513879,0.0020507187582552433,0.8578196167945862,57.742698669433594,8.197594434022903e-05,0.03500000014901161,9.228449198417366e-05,0.02670096606016159
q,750.0,0.003955972380936146,0.002527018776163459,0.0017750334227457643,0.9031302332878113,49.87109375,0.00011613854439929128,0.03346489742398262,4.948693094775081e-05,0.025005552917718887
q,1000.0,0.0032015179749578238,0.002114043803885579,0.0016170867020264268,0.94429612159729,44.0836296081543,0.0001630710466997698,0.029003163799643517,4.321752567193471e-05,0.023392539471387863
q,1250.0,0.0027677807956933975,0.0018104907358065248,0.0014503656420856714,0.9597669243812561,42.05464172363281,0.00018294180335942656,0.02747475355863571,2.8186317649669945e-05,0.021888449788093567
q,1500.0,0.0026859526988118887,0.0017523582791909575,0.0013729948550462723,0.9501322507858276,45.565513610839844,0.00016185759159270674,0.025939712300896645,1.0136770470126066e-05,0.020412636920809746
q,2000.0,0.0024956450797617435,0.0015909833600744605,0.001259214011952281,0.9482148885726929,52.681602478027344,0.00010941470827674493,0.022948922589421272,9.726511962071527e-06,0.017731955274939537
q,2500.0,0.002263696165755391,0.0014113864162936807,0.0011360329808667302,0.9512448310852051,57.94643783569336,0.00010665164154488593,0.02083749510347843,6.675658710264543e-07,0.015339657664299011
q,3000.0,0.0020554373040795326,0.0012587192468345165,0.0010348097421228886,0.9545174837112427,62.777854919433594,8.68969364091754e-05,0.019117826595902443,1.0000000116860974e-07,0.01321259792894125
q,3500.0,0.0018651541322469711,0.0011240846943110228,0.0009290938614867628,0.9560641050338745,67.19788360595703,7.685992022743449e-05,0.017423029989004135,1.0000000116860974e-07,0.011325439438223839
q,4000.0,0.0017037877114489675,0.0010167330037802458,0.000853105855640024,0.957345187664032,72.32197570800781,6.967944500502199e-05,0.01567896082997322,1.1230436314235703e-07,0.009651375003159046
q,4500.0,0.0015173476422205567,0.0009001122089102864,0.0007540942751802504,0.9543101191520691,76.39237976074219,4.085597538505681e-05,0.013540796004235744,1.0000000116860974e-07,0.008282332681119442
q,5000.0,0.0013321813894435763,0.0007797942962497473,0.0006671541486866772,0.9539321064949036,80.7383804321289,1.7960059267352335e-05,0.011751070618629456,1.0000000116860974e-07,0.007363467011600733
q,6000.0,0.0009952605469152331,0.000577610800974071,0.0005065515288151801,0.949910044670105,90.13389587402344,2.706492887227796e-05,0.009085031226277351,3.3575255997675413e-07,0.00572810135781765
q,7000.0,0.0007562367827631533,0.0004343610489740968,0.00039638159796595573,0.9460545778274536,106.30628204345703,1.2076159691787325e-05,0.006837899796664715,1.0000000116860974e-07,0.0041961222887039185
q,8000.0,0.0005924763390794396,0.0003407757612876594,0.0003266862768214196,0.94642573595047,133.2102508544922,4.73044610771467e-06,0.005057040601968765,1.0000000116860974e-07,0.0028187772259116173
q,9000.0,0.0004328166542109102,0.00024517494603060186,0.0002406966668786481,0.9484127163887024,164.552001953125,6.106717137299711e-06,0.0034065963700413704,3.574411664430954e-07,0.0017391929868608713
q,10000.0,0.00028310969355516136,0.0001600333780515939,0.00015830043412279338,0.9429171085357666,194.7716522216797,4.98180634167511e-06,0.0019872633274644613,1.0000000116860974e-07,0.0009270121809095144
q,11500.0,0.00011000200174748898,6.524022319354117e-05,6.483952165581286e-05,0.9399823546409607,202.4885711669922,2.5726571948325727e-06,0.0007497628103010356,1.111710261625376e-07,0.00031870760722085834
q,13000.0,3.871394073939882e-05,2.4166834919014946e-05,2.4039529307628982e-05,0.9318838715553284,225.73500061035156,1.8399326791040949e-06,0.00023387224064208567,7.783540922901011e-07,8.654295379528776e-05
q,15000.0,7.454914339177776e-06,5.244751264399383e-06,5.23472590430174e-06,0.9073026180267334,179.36346435546875,1.2656289527512854e-06,3.618161645135842e-05,8.062299343691848e-07,1.5051333321025595e-05
q,17500.0,4.8554370550846215e-06,3.7363952287705615e-06,3.7361398881330388e-06,0.46744871139526367,274.9954833984375,1.1159012274220004e-06,1.77332476596348e-05,8.917439799915883e-07,2.755398327281e-06
q,20000.0,3.9765859582985286e-06,3.088339553869446e-06,3.087812274316093e-06,0.4809405207633972,245.54269409179688,9.661746389610926e-07,1.487060399085749e-05,5.08036293922487e-07,3.2026064218371175e-06
p,2.0,20.384878158569336,17.001577377319336,-17.001148223876953,0.8080173134803772,2.01611328125,932.0909423828125,1035.955322265625,954.5108032226562,1052.49072265625
p,10.0,20.298864364624023,16.89311408996582,-16.892623901367188,0.8082296252250671,2.009479284286499,931.2192993164062,1035.0537109375,953.5546875,1051.41943359375
p,20.0,20.192058563232422,16.757814407348633,-16.757232666015625,0.8084917068481445,2.0012400150299072,930.130126953125,1033.9271240234375,952.3594970703125,1050.080322265625
p,50.0,19.876541137695312,16.353593826293945,-16.35262680053711,0.8092067837715149,1.9768925905227661,926.8593139648438,1030.547119140625,948.8007202148438,1046.06298828125
p,75.0,19.61530876159668,16.01400375366211,-16.012592315673828,0.8097668290138245,1.956639289855957,924.1312255859375,1027.731201171875,945.8779907226562,1042.7149658203125
p,100.0,19.36799430847168,15.685638427734375,-15.683584213256836,0.8101583123207092,1.9376569986343384,921.39990234375,1024.915283203125,942.9552001953125,1039.3673095703125
p,150.0,18.890779495239258,15.038307189941406,-15.032435417175293,0.8111768364906311,1.9011017084121704,915.9306640625,1019.2857055664062,937.1096801757812,1032.6715087890625
p,200.0,18.42499542236328,14.404265403747559,-14.376119613647461,0.8127701282501221,1.8652594089508057,910.4517211914062,1013.6580200195312,931.2640991210938,1025.9759521484375
p,300.0,17.567764282226562,13.413400650024414,-13.075540542602539,0.8161328434944153,1.7998549938201904,899.46435546875,1002.403076171875,919.6895751953125,1012.5846557617188
p,400.0,16.86821746826172,12.918375968933105,-11.899223327636719,0.8210399150848389,1.7489697933197021,888.4403686523438,991.1452026367188,908.24951171875,999.193359375
p,500.0,16.338645935058594,12.753114700317383,-10.849966049194336,0.8251190185546875,1.714486837387085,877.3812866210938,979.87646484375,896.9155883789062,985.8021240234375
p,750.0,15.696471214294434,13.031742095947266,-8.817205429077148,0.8354949355125427,1.6973601579666138,849.5950317382812,951.54296875,869.267578125,952.790771484375
p,1000.0,15.844380378723145,13.734291076660156,-7.546103000640869,0.8456903696060181,1.765790343284607,821.6380004882812,922.7868041992188,842.0076293945312,920.8042602539062
p,1250.0,16.41149139404297,14.432417869567871,-7.181902885437012,0.8583037257194519,1.8848237991333008,793.8652954101562,893.6326904296875,815.6400146484375,890.5619506835938
p,1500.0,17.166017532348633,15.199844360351562,-7.585280418395996,0.8625554442405701,2.032717704772949,767.2401733398438,868.4505004882812,789.796630859375,862.9207763671875
p,2000.0,18.700984954833984,16.66372299194336,-9.692944526672363,0.8602510690689087,2.353947162628174,716.2354736328125,819.236083984375,740.189208984375,809.8848266601562
p,2500.0,20.23474884033203,18.100950241088867,-11.232078552246094,0.8575937747955322,2.70859432220459,667.7582397460938,773.8859252929688,693.1342163085938,762.2612915039062
p,3000.0,21.520387649536133,19.26125717163086,-12.305259704589844,0.8594909310340881,3.065011739730835,621.8565063476562,730.8858032226562,648.5728759765625,717.6088256835938
p,3500.0,22.9123477935791,20.59265899658203,-13.696434020996094,0.8551504611968994,3.474137306213379,577.5615844726562,689.9929809570312,606.3656616210938,675.5796508789062
p,4000.0,24.146944046020508,21.776344299316406,-14.661641120910645,0.8535805940628052,3.9007387161254883,535.5053100585938,651.4360961914062,565.6204223632812,635.69482421875
p,4500.0,25.131027221679688,22.772205352783203,-15.24293327331543,0.8508026003837585,4.32898473739624,495.8558654785156,614.5839233398438,526.89208984375,597.6116333007812
p,5000.0,25.767736434936523,23.338788986206055,-15.753987312316895,0.8512436747550964,4.735792636871338,458.8529052734375,579.2147216796875,490.02789306640625,561.9108276367188
p,6000.0,25.802921295166016,23.000093460083008,-15.049074172973633,0.8611350059509277,5.4097490310668945,389.7130432128906,513.2535400390625,423.1418762207031,495.2205810546875
p,7000.0,25.58549690246582,22.49881362915039,-13.64697265625,0.8731974363327026,6.138084888458252,329.54638671875,454.40521240234375,364.43109130859375,435.6114196777344
p,8000.0,24.254627227783203,21.075674057006836,-9.80966567993164,0.9202805757522583,6.682898998260498,278.85321044921875,402.1500549316406,313.7353515625,381.7486572265625
p,9000.0,23.43149757385254,20.55267906188965,-7.488748073577881,0.9611608982086182,7.441990852355957,233.76280212402344,354.62591552734375,267.9156188964844,333.1941833496094
p,10000.0,23.042695999145508,20.68147850036621,-7.105823993682861,0.9615045189857483,8.469327926635742,195.7560272216797,311.3365478515625,228.3070831298828,289.8449401855469
p,11500.0,20.334861755371094,18.45265007019043,-7.316638469696045,0.9582056999206543,9.355834007263184,151.4827423095703,251.76358032226562,179.18759155273438,233.9716339111328
p,13000.0,16.76200294494629,15.232099533081055,-7.081723690032959,0.937572717666626,9.713773727416992,119.60005187988281,200.06887817382812,140.1580810546875,186.4747314453125
p,15000.0,6.501244068145752,5.341921806335449,-2.854358673095703,0.8717247247695923,5.149409294128418,105.66143798828125,139.92222595214844,99.3139877319336,135.42172241210938
p,17500.0,23.380674362182617,23.18761444091797,23.18761444091797,0.8649978041648865,28.11516571044922,92.42813110351562,113.67049407958984,64.94013977050781,87.76432800292969
p,20000.0,35.49701690673828,35.24141311645508,35.24141311645508,0.7272732257843018,64.80204010009766,74.54911804199219,97.57734680175781,41.42051696777344,57.88377380371094
