Variable,Level,RMSE,MAE,BIAS,ACC,RelDiff (%)
t,1,0.20426977118541947,0.1272064208401877,-0.05847705899396652,0.9998770146348737,0.07105978377102755
t,2,0.20254589933753303,0.12668415322711155,-0.05842547163348964,0.9998790051268085,0.07047378802398332
t,3,0.20045788928080796,0.12604733619717073,-0.05835992554071431,0.9998813920847199,0.06976422768823819
t,4,0.19467390950529342,0.12428115164215837,-0.05816673274298065,0.999887871010969,0.06780071845886652
t,5,0.1904304020271058,0.12300158574103091,-0.058002379233789134,0.9998924816749656,0.06636319176852991
t,6,0.18675427255351554,0.12192564116798395,-0.05782805603069419,0.9998963478335229,0.0651217869822446
t,7,0.18116215559571647,0.12035770718548663,-0.057448233535817225,0.9999018696156542,0.06324894575237437
t,8,0.17774177612324302,0.11952449137420827,-0.05701798512473132,0.9999047098453232,0.062130064898960995
t,9,0.17403910313631873,0.11895870692127389,-0.05659515084797733,0.9999066627391227,0.060979527350379405
t,10,0.17123677369044416,0.11834413963648384,-0.05654132256502308,0.9999079275442695,0.060130892787860005
t,11,0.17101755804139443,0.11932328725377679,-0.05647004664266314,0.9999061352138987,0.060182295595752854
t,12,0.17432114796137166,0.12208026561218194,-0.05279120004229779,0.9998964733844582,0.06164455001671897
t,13,0.1761794668780389,0.12358873669801729,-0.04692176857706797,0.9998893643388838,0.06256299753076651
t,14,0.1691803336582129,0.11625749576848032,-0.0434162108183125,0.9998954631364687,0.060287988246605084
t,15,0.1971509781474063,0.12713020428284108,-0.04162257786739695,0.999853287679946,0.07049591959592964
t,16,0.16482824462345477,0.11411569838275112,-0.0434639745897334,0.9998979897057946,0.05934360692919987
t,17,0.15449401702513543,0.1077236353053697,-0.045556718973325805,0.999909717198361,0.0560865177234758
t,18,0.14290859372224274,0.10170686968372045,-0.0457158316457163,0.9999229524627574,0.05235825130565489
t,19,0.13736394407289793,0.09781233196804451,-0.04469553154321493,0.9999291352162415,0.05082023626523014
t,20,0.13632438810276187,0.09700478832476525,-0.04411198465996668,0.9999312900329427,0.050953308204461464
t,21,0.15140232791612432,0.10231298284385532,-0.04419451820862842,0.9999161511746694,0.05719055598630653
t,22,0.14822916843364314,0.10226244070171438,-0.042564793942528774,0.9999229201103149,0.05660568874711176
t,23,0.13573969960231663,0.09795198355648152,-0.037622967336811114,0.9999398878831394,0.05306945522536064
t,24,0.126386114696289,0.09368577061588498,-0.038242913571768414,0.9999503743866314,0.050688505590689416
t,25,0.12722070631012383,0.09338503542767812,-0.0367074388019145,0.9999464177901033,0.052394137492178784
t,26,0.13660570610676961,0.09856174448396267,-0.037082358208768845,0.9999225801062555,0.05773262709310959
t,27,0.14243285139490836,0.10235521397716296,-0.039405579460567816,0.9998731974047081,0.06166699885033826
t,28,0.135971384103986,0.09922327545282597,-0.04127672742614209,0.9997072966776432,0.0608221726415991
t,29,0.12984443668111975,0.09754939067526876,-0.0422750284258445,0.9996355832219,0.05976585399149703
t,30,0.14359252398601519,0.10712549492126473,-0.04651330556402638,0.9998716827991241,0.06838040333478437
t,31,0.18007863118947384,0.13111976739776057,-0.04841247290985403,0.9998862641146142,0.08775853897816317
t,32,0.17583890368016372,0.13401725281572033,-0.050008948247716296,0.9998230892776608,0.08423114534693432
u,1,0.31996554855167075,0.2014535102686547,0.008761318988533051,0.9985081626715111,6.8738966827982475
u,2,0.3197219407141048,0.20126422212407977,0.008769396669162856,0.9985223457107072,6.842408208010626
u,3,0.31947704856423587,0.20106590253599285,0.008779409002778278,0.9985395260840896,6.803935152543874
u,4,0.3191604751691828,0.2007302885717369,0.00880242514479606,0.9985871770184883,6.694147849781351
u,5,0.3193214776536097,0.20070039309996943,0.008828059367130894,0.9986228601400846,6.609702157341111
u,6,0.31971560875884864,0.20086464507701868,0.008841762418528121,0.9986560831996866,6.530104210566863
u,7,0.32132937152988533,0.2016914347980526,0.008867447328015818,0.9987132230917942,6.391497392119852
u,8,0.3233683458865276,0.2030329913964993,0.00883786400643567,0.9987608685406795,6.2747569130795
u,9,0.32681932840235256,0.20615399773630452,0.008680094053284163,0.9988364052176332,6.085195497116107
u,10,0.3266162937851638,0.20672402353584135,0.008875590259741058,0.9989143582929825,5.878888144664842
u,11,0.3271253497480095,0.20763199997832535,0.009008314990024866,0.9989726081180889,5.72418333994508
u,12,0.3223137839856732,0.20697655539803708,0.00856470415391909,0.9990943503971321,5.374999337713034
u,13,0.31866289301519074,0.20716716606479077,0.006460697521933517,0.9991587188224776,5.183162478747559
u,14,0.3111270017892509,0.20302531209179667,0.006368953175821459,0.9992147824095369,5.0061077407491945
u,15,0.3275008024151428,0.2155682285773109,0.006192999764141645,0.9991617704607263,5.1568951241770655
u,16,0.33736169468778576,0.22197098138388438,0.005904823179695762,0.9991654749298018,5.0947789170827
u,17,0.3596553331542023,0.227621822952186,0.0044042280894423394,0.9991268858855037,5.142556707308852
u,18,0.36915493433206126,0.23187658119747687,0.004570980374560838,0.9991601979037972,4.972912447429861
u,19,0.37384981092781283,0.2357821379700959,0.0024931305825772495,0.9992171360330906,4.72910274358746
u,20,0.3780602658096944,0.2413161646850592,0.0013213484795632743,0.9992779018383064,4.477914350267303
u,21,0.4049447799630875,0.2572790197281072,-0.0005455371221915434,0.9992618076233892,4.456611926227528
u,22,0.43277753553704695,0.27353652255158417,-0.0035910351820007866,0.999254047637011,4.421724605596944
u,23,0.4548937276769879,0.29468286475927763,-0.00970403787152106,0.9993575280913186,4.018101568923589
u,24,0.48402943358230077,0.3151087266353873,-0.014213431551543082,0.9994334446252474,3.72008879799827
u,25,0.5130672365842743,0.3368660316331073,-0.01226825949557464,0.9994799027087059,3.5049874728152677
u,26,0.5209711216512476,0.35443730868059503,-0.013522848875063706,0.999542842160382,3.2108679914454408
u,27,0.5498682263103012,0.3755491036154363,-0.020584757270531513,0.9995491617469991,3.1132738333918306
u,28,0.5750194065969383,0.3896661704731129,-0.010153122806894847,0.999549579830762,3.020193793267458
u,29,0.587336951046498,0.3902999837700233,-0.02185185938443992,0.9995050186885189,3.0779542290675432
u,30,0.5829862851165403,0.3811025633194263,-0.03505892914793827,0.9993431038624737,3.5370793305655757
u,31,0.4638381424733566,0.3124183676296691,-0.009413305549598251,0.9992330880346679,4.2086895158314475
u,32,0.2937314654530458,0.21697374501709396,-0.00517103918274463,0.9996952617601212,3.089082023603944
v,1,0.3499051515465462,0.20581883195758358,0.0010088215734459498,0.9971940317963368,9.825712960922633
v,2,0.3497850546154616,0.2056454964021908,0.0010135532823134321,0.9972124975680489,9.794570094927431
v,3,0.34969364047497037,0.20546987898191924,0.0010194637620429636,0.9972349624018528,9.756223268100984
v,4,0.3498116609227685,0.20524163943798687,0.0010393287560814615,0.9972980091474312,9.646552672598421
v,5,0.35028062578455765,0.20534758722653312,0.001049661317830844,0.997346311590253,9.561576903849902
v,6,0.3510367415677335,0.20567452393050625,0.0010624369481039492,0.9973909494546379,9.483324027087372
v,7,0.3529307180414013,0.20680424879162213,0.001119462496586137,0.9974728104142919,9.340158364524566
v,8,0.3552055512867137,0.20835084866279838,0.0011473774265126596,0.9975407744605448,9.22085650271112
v,9,0.35767741985000256,0.21106596069499864,0.0010375353522858336,0.9976594659399831,9.013287125927828
v,10,0.3560240742084072,0.21106346443957902,0.0006965748161782971,0.9977557865464769,8.811012910868094
v,11,0.35446947814867974,0.21101889339978439,0.00043622347588588643,0.9978193238873285,8.672287870292562
v,12,0.34528682703835906,0.2083191229049091,0.0005047852882726289,0.9979048872530756,8.463778115928267
v,13,0.3371802071405223,0.20860920429018665,0.0013616931594827445,0.9978897054560981,8.478874771098567
v,14,0.3249456648443826,0.2020180068902959,0.0021426005341565607,0.997898216633349,8.43212099354001
v,15,0.3354046992158543,0.21230846466096262,0.0026007086084080893,0.9977179165193985,8.731443812096597
v,16,0.3353770794388369,0.21463173587539555,0.004152800608718946,0.9977705174402703,8.577139438548219
v,17,0.3452576572395396,0.22007518694752912,0.003569089279046969,0.9978519129306338,8.43842395868037
v,18,0.3530885730729437,0.22387429796372196,0.0030888525591583646,0.9979769628563258,8.191944237072732
v,19,0.35908306754823566,0.2286660057750852,0.003343167161627527,0.9981070930943419,7.956117509111056
v,20,0.3705665389138046,0.23551837190542443,0.001459240994151251,0.9981902776064915,7.832302391676047
v,21,0.3945772094789484,0.24980962075795296,-0.002083688990684125,0.9981850586339585,7.869543336716054
v,22,0.4170457308749496,0.26431705991488713,-0.005826557448747767,0.998212760388683,7.815147236263282
v,23,0.43705038221887066,0.2837222948356213,-0.0060572963388304665,0.9984876911730421,7.18500184509423
v,24,0.46467115473207016,0.3052072069283411,-0.010027185174027191,0.9987133610030331,6.597704544726953
v,25,0.47633217209704537,0.32162987047908975,-0.01500759210041728,0.9989082938498648,6.107397549398944
v,26,0.5048415982099014,0.34243146143865877,-0.022249589751419614,0.9989563454169365,6.050437116409691
v,27,0.5389384087969845,0.36770018773398205,-0.02355416713147018,0.9989452533319854,6.1117849237030555
v,28,0.5438533685279522,0.37026407392074157,-0.007441129096689124,0.9989178160503732,6.202249406336594
v,29,0.5627947523228238,0.373498415539917,0.005020867414369087,0.9985433865120781,7.1230017118103675
v,30,0.5604344083564058,0.3666996387379252,0.005410354057733508,0.9977062961532497,8.879178279359703
v,31,0.4410386410821885,0.30473535336694324,-0.007613150592819788,0.9968061506020919,10.22233182678357
v,32,0.28290789326354143,0.21134596241457343,-0.016492231781112345,0.9968608541405822,9.871285053342337
w,1,0.009999587754715888,0.004629104227453078,0.00058682772986035,0.9965826403912147,24.616842560058174
w,2,0.010199039621432995,0.0047959406272491505,0.0005834164952760002,0.9964537930562047,24.70490603039894
w,3,0.010531718172523971,0.005067303543976537,0.0005795267342716568,0.9962344509877233,24.894363515481572
w,4,0.011996897510386817,0.006116456340881692,0.0005683193294272284,0.9952090729580132,26.09662477901366
w,5,0.013626853404081507,0.007148229626979394,0.000558666571483769,0.9939679466162481,27.58241161392194
w,6,0.015511411272140379,0.008267626373916072,0.0005494138759581428,0.9924279752859559,29.221210991827817
w,7,0.019769088306231076,0.010653521011190341,0.0005303052054008544,0.9886653415993725,32.501129111197095
w,8,0.024384186031373378,0.013144605881794919,0.0005157135184159474,0.9844063714494445,35.41349337688695
w,9,0.03388143797719376,0.01818852307662041,0.0005100039866095776,0.9760373214681303,39.87798166241676
w,10,0.0428244534329102,0.022891903017651434,0.0004998330549160439,0.9692648077802583,42.914394855880566
w,11,0.051300795165586124,0.02726170539080287,0.0005070338151915274,0.9639017475374875,45.30991365467622
w,12,0.06865005209351736,0.03598674349205421,0.0005136352207821237,0.9550300970368454,49.39481265877275
w,13,0.08083258533556655,0.04123648675510324,0.0005036103855677603,0.9491375435163364,52.67873229642868
w,14,0.08856719796849427,0.043533990894017396,0.0005169057311922091,0.9438796661781012,55.82046862445168
w,15,0.09701299491726212,0.0466358497153007,0.0005469544828427496,0.9390443642286579,58.64536995013524
w,16,0.10604634595921802,0.048789140927142524,0.0005852024869817188,0.9295776930469732,64.4152223699371
w,17,0.11172875529098406,0.04913434280659637,0.0007414753981410433,0.9208677862005735,69.75138355202778
w,18,0.1162987398995994,0.04849346646629894,0.0008667026972002703,0.9103485359759866,75.43451861737908
w,19,0.11703093676925949,0.04734214037945705,0.0010292294958650387,0.9050166614179437,78.48375864641811
w,20,0.11511570847196305,0.04615725025721001,0.0010384315579223008,0.9036500157043359,79.05030590685746
w,21,0.11153923506566472,0.04544883216437888,0.0010635393890955083,0.9049415657959647,77.72885209795625
w,22,0.10472994497378675,0.043789784839525274,0.0007841023444870001,0.9109713115425104,74.59024530046135
w,23,0.09169032071076327,0.04016650777628217,0.000514351147084766,0.9224002945065061,69.52742311279407
w,24,0.08498038740890725,0.038245497368133256,0.0008537313830842299,0.9260016986812514,68.2555752545345
w,25,0.08279403195425027,0.03712126703019499,0.0007567633881721966,0.9193337138181625,71.5427858989826
w,26,0.08240366342568858,0.03613685739361918,0.0007647429785177642,0.9057926751856105,77.18089637373406
w,27,0.0799634943149566,0.034998610627480324,0.000727463875647548,0.8936012038753902,82.62371772672263
w,28,0.06423708374819719,0.029610528368188765,0.0006306609670253527,0.8871086179941238,86.26806429193043
w,29,0.04695330005249476,0.022842321185048826,0.00043699138546934174,0.8841082201135615,86.85498934012624
w,30,0.027936193474955594,0.014725757946017451,0.0004050810493267507,0.8782342236504539,83.88893190651336
w,31,0.011138449169903607,0.006711657068768669,0.0004531587092693936,0.8939931035854667,68.71438678273437
w,32,0.005578376590165294,0.0036183606611422717,0.00041896320574213763,0.9199104199914566,56.666579832895124
q,1,1.861008618933302e-06,1.6823310429490074e-06,-1.6399270872026826e-06,0.9981527916794914,0.036887705517792364
q,2,1.8595995685175067e-06,1.6819295013973477e-06,-1.6403286937928472e-06,0.9981546120273623,0.036860126661472585
q,3,1.8579284594454627e-06,1.6814799525834776e-06,-1.6408201604278398e-06,0.9981566830319062,0.036827441205839216
q,4,1.8535181179405124e-06,1.6803121903599028e-06,-1.6422080625564796e-06,0.9981613776288311,0.03674133623445952
q,5,1.8505289121349471e-06,1.6795809677953877e-06,-1.6432588891908885e-06,0.9981635191123687,0.036683169671759976
q,6,1.8481394269210802e-06,1.6790526027784067e-06,-1.6442059829477428e-06,0.9981641069568509,0.03663688493722901
q,7,1.8451755381597476e-06,1.678529526511293e-06,-1.6457999570442466e-06,0.9981603560065758,0.0365802639336523
q,8,1.8447205523833882e-06,1.6788886502811125e-06,-1.647117544932133e-06,0.9981501223168641,0.03657335750355189
q,9,1.850865970667027e-06,1.6823518753479743e-06,-1.6496699844611595e-06,0.9981104254695337,0.03669943830122875
q,10,1.8561040703709105e-06,1.6851827738850625e-06,-1.650720031253169e-06,0.9980561465929271,0.0368082150336802
q,11,1.8712233078342715e-06,1.6917359206122343e-06,-1.6510741395231373e-06,0.9979673313321805,0.03711364325791257
q,12,1.920568329822033e-06,1.7250115616884217e-06,-1.6741708267929737e-06,0.9976282823471206,0.03811222810437262
q,13,1.9701539710972265e-06,1.7516615159194692e-06,-1.6946387191291956e-06,0.9971087141528744,0.039121787492651695
q,14,2.006106590928162e-06,1.7639376243429042e-06,-1.7056921179832739e-06,0.996532912641378,0.03986270665239655
q,15,2.168602136533566e-06,1.8258581740915542e-06,-1.7098157358786427e-06,0.9953933082968425,0.04312072675590955
q,16,2.079697480091935e-06,1.8049987389700642e-06,-1.708592679871527e-06,0.9950193332528564,0.04140172936511496
q,17,2.0186245247207662e-06,1.7746897932844687e-06,-1.6805993884705532e-06,0.9943032845244351,0.04021808274446463
q,18,1.9429021321438272e-06,1.7406440547876263e-06,-1.6660224375096457e-06,0.9934907903964593,0.03873324845080677
q,19,1.8958897305055422e-06,1.7185013387117128e-06,-1.6537162006064773e-06,0.9922251413801362,0.03781527521845277
q,20,1.8701080979895106e-06,1.7102837138956144e-06,-1.6493585018830422e-06,0.9904317759864782,0.03731751438401193
q,21,1.8713080599102406e-06,1.7152607742348464e-06,-1.6542343548684115e-06,0.9878402433757965,0.03735612507112769
q,22,1.8362087331673025e-06,1.7014558581657825e-06,-1.6631963883509158e-06,0.9848462667419883,0.03666800598772178
q,23,1.7839569495493386e-06,1.6845102523604261e-06,-1.666990310250393e-06,0.9738303281431332,0.035642330398939735
q,24,1.7518500558977352e-06,1.6765850142632534e-06,-1.6715381497577665e-06,0.9487773920969343,0.0350130607737006
q,25,1.7384435564800159e-06,1.6794714124679898e-06,-1.6781696053697833e-06,0.8865978611643018,0.03475406065681845
q,26,1.729296281043191e-06,1.679621176276883e-06,-1.67941858446601e-06,0.7374741821278918,0.0345771576563796
q,27,1.7291494512248362e-06,1.6837407622808606e-06,-1.6836642133231998e-06,0.45700439431032347,0.034578085226965205
q,28,1.7340554698299692e-06,1.6879446029479885e-06,-1.6879446029479885e-06,0.10114821817577045,0.03467926597973621
q,29,1.751857450483751e-06,1.7049697415614198e-06,-1.7049697415614198e-06,0.014144656743660274,0.03503652981689055
q,30,1.7733662859383059e-06,1.7251823910162865e-06,-1.7251823910162865e-06,0.0017140589756185747,0.03546712832349463
q,31,1.7518144916156084e-06,1.6925461239900384e-06,-1.6925461239900384e-06,6.090099720425445e-06,0.03503616335854897
q,32,1.6259819173115865e-06,1.5717107850000159e-06,-1.5717107850000159e-06,3.710227846802224e-05,0.032519523985665884
p,1,0.19064289442212293,0.14872602918134656,0.08181984988668999,0.9998475205114893,0.018881503945520937
p,2,0.19042678116834175,0.14856189724099597,0.08165124913844518,0.9998479091142808,0.01887771244292649
p,3,0.19016160540643853,0.14836345372872467,0.08144435899124483,0.9998483954800154,0.01887345537712887
p,4,0.18936370633505878,0.14777100853089006,0.08081894042702718,0.9998498639697928,0.018860385749317587
p,5,0.1886969709884952,0.14727754090567804,0.08030015851128429,0.9998511121133484,0.018849229164519324
p,6,0.1880533546073248,0.14679016758775237,0.07978772003218353,0.9998523203272077,0.01884030801246485
p,7,0.18674891536544053,0.14579745001342043,0.07878765201197882,0.9998547771683677,0.018820510411257423
p,8,0.18544673060785155,0.14481560580231903,0.07782993553991913,0.9998571805180791,0.01880057965691724
p,9,0.18184701075119739,0.14228264222817222,0.07632212727852897,0.9998634681896854,0.01865708844248734
p,10,0.17771583912154132,0.139145868805362,0.07475731106460227,0.9998705735653249,0.01845242126890823
p,11,0.17403791413658462,0.13637493740376275,0.0730437659371064,0.9998773500920602,0.01828837197074362
p,12,0.1639181523206875,0.12876678798102542,0.06866373021628647,0.9998952777722075,0.01775037784244342
p,13,0.15449750722679212,0.12142588556049604,0.06460415595602007,0.9999109410653859,0.017241819142758276
p,14,0.14619288134053424,0.11468547567933501,0.060461771596108785,0.999926482578575,0.016813946336193073
p,15,0.1395552108845927,0.10920685901740627,0.05633893011393278,0.999935552847107,0.01654863478916625
p,16,0.12833942695490463,0.1000660346825763,0.04816065478911376,0.9999514116842098,0.01617804564577063
p,17,0.1199737463050706,0.09329090480481297,0.04092295254798507,0.9999618548098581,0.016084167908548056
p,18,0.11331215424935352,0.0877420497491186,0.03455600957919677,0.9999690644956664,0.016164071559632186
p,19,0.1070461560660911,0.08253545947531578,0.02932208701580917,0.9999746373520564,0.016257809665197832
p,20,0.10139052839778825,0.07783608168490791,0.025034902125242536,0.9999788076303809,0.016406386679964448
p,21,0.09683833063625229,0.073892059896057,0.02162544902622439,0.999981672628664,0.01670984247858038
p,22,0.09491039669569554,0.07181456809077987,0.018647488602331605,0.9999831378693498,0.01747419221488884
p,23,0.08685375992474137,0.06486954818990992,0.014928037697376296,0.9999870868547802,0.01823983375111082
p,24,0.08166280909072032,0.060466469588360605,0.013972685291395455,0.9999892279643539,0.019622260642101923
p,25,0.07481144714833507,0.055596422822103024,0.012491141359242482,0.999991057292035,0.020642821109357435
p,26,0.06684192204383145,0.05043964519348098,0.01057508356047794,0.9999925400589322,0.021254892754754298
p,27,0.060473932895912,0.04584831134490896,0.00883047605843299,0.9999932286299434,0.022244856246397205
p,28,0.05274797561009018,0.03944076000680159,0.005437200378503305,0.9999931944970952,0.024267348590416335
p,29,0.045756895935043916,0.033314359609693686,0.0018307359154067266,0.9999919403164214,0.026497968305008984
p,30,0.034122136138039126,0.024753587458998968,-0.002443196681521416,0.9999887614136663,0.02699170462722911
p,31,0.022744469528550863,0.017339016010582676,-0.004157853221484432,0.9999797933222542,0.027324901146705136
p,32,0.017375225612736248,0.013332268372095621,-0.00042121120779234366,0.9999521715992475,0.03174436594655749
